quarter,h,gdp_growth_pp_qoq_ann,gdp_growth_pp_qoq_ann_lo95,gdp_growth_pp_qoq_ann_hi95,cum_gdp_level_pct,cum_gdp_level_pct_lo95,cum_gdp_level_pct_hi95
2025Q4,0,0.23446873053159614,0.001001235591829925,0.4813886857531198,0.05863436586066584,0.00025030921122493055,0.12041961770608012
2026Q1,1,0.4273904336018768,0.19181589782900435,0.668539855055426,0.16560175955320222,0.04821590348693672,0.28789576136456496
2026Q2,2,0.1255015048417459,-0.05006433251682771,0.26076122502075644,0.19703402467656783,0.035694569221811356,0.35329506243451103
2026Q3,3,0.05302135588740652,-0.09024864424371035,0.17447031005777164,0.2103163614662229,0.013126900667281838,0.39707628615714974
2026Q4,4,0.028410721451257396,-0.0941680026076065,0.1250945058329073,0.2174342327047718,-0.010415419044385033,0.4284790028980856
2027Q1,5,0.008258980951231665,-0.08565540487661306,0.08875307309284361,0.2195034887678915,-0.03182474755851761,0.4507648155684718
